<?xml version="1.0" encoding="UTF-8"?>
<project-private xmlns="http://www.netbeans.org/ns/project-private/1">
    <editor-bookmarks xmlns="http://www.netbeans.org/ns/editor-bookmarks/2" lastBookmarkId="0"/>
    <open-files xmlns="http://www.netbeans.org/ns/projectui-open-files/2">
        <group>
            <file>file:/C:/Users/rgiro_000/Documents/NetBeansProjects/PROYECTO-2-ADT/YouSearch/src/Queries.java</file>
            <file>file:/C:/Users/rgiro_000/Documents/NetBeansProjects/PROYECTO-2-ADT/YouSearch/src/prueba.java</file>
            <file>file:/C:/Users/rgiro_000/Documents/NetBeansProjects/PROYECTO-2-ADT/YouSearch/src/Principal.java</file>
            <file>file:/C:/Users/rgiro_000/Documents/NetBeansProjects/PROYECTO-2-ADT/YouSearch/src/Labels.java</file>
            <file>file:/C:/Users/rgiro_000/Documents/NetBeansProjects/PROYECTO-2-ADT/YouSearch/src/Nodes.java</file>
            <file>file:/C:/Users/rgiro_000/Documents/NetBeansProjects/PROYECTO-2-ADT/YouSearch/src/DataBase.java</file>
        </group>
    </open-files>
</project-private>
